<package version="0.0">
  <name>org.openxtalk.library.macosnativeapptools</name>
  <title>Openxtalk.org macOS Native Tools</title>
  <author>Paul McClernan</author>
  <version>1.0.2</version>
  <license>community</license>
  <type>library</type>
  <requires name="com.livecode.objc"/>
  <requires name="com.livecode.foreign"/>
  <requires name="com.livecode.arithmetic"/>
  <requires name="com.livecode.binary"/>
  <requires name="com.livecode.list"/>
  <requires name="com.livecode.logic"/>
  <requires name="com.livecode.string"/>
  <requires name="com.livecode.type"/>
  <requires name="com.livecode.engine"/>
  <requires name="com.livecode.byte"/>
  <requires name="com.livecode.char"/>
  <requires name="com.livecode.math"/>
  <requires name="com.livecode.array"/>
  <requires name="com.livecode.system"/>
  <requires name="com.livecode.bitwise"/>
  <metadata key="_ide">true</metadata>
  <metadata key="userVisible">true</metadata>
  <metadata key="svgicon">M66.43,52.07c-0.71,0.32-1.48,0.56-2.31,0.78c-2.35,0.65-5.44,0.04-5.44,0.04l-8.52,9.56c0,0,11.03,11.58,13.36,13.92 s4.02,6.19,4.02,6.19l8.77-19.76C76.31,62.8,67.18,58.92,66.43,52.07z M56.35,86.86c-2.83-2.4-16.4-15.09-16.4-15.09L21.22,90.12c0,0,3.25,1.93,5.41,1.86c5.6-0.17,10.48-3.77,15.46-3.77 c4.58,0,8.99,3.52,15.56,3.77c1.55,0.06,2.88-0.35,4.41-1.24c0.7-0.41,2.02-1.54,2.02-1.54S59.18,89.26,56.35,86.86z M52.45,18.42c5.85-5.85,5.42-15.63,5.42-15.63s-8.65,0.97-13.34,6.82c-5.22,6.51-5.07,13.39-4.94,14.51 C44.49,24.13,48.71,22.16,52.45,18.42z M18.38,48.03c-3.59,0.27-3.23,4.28-3.21,4.45l0.03,0.32l-0.23,0.23l-5.54,5.89l-5.85-5.95l8.91,24.95l18.58-18.16l-8.8-9.83 C22.28,49.93,19.79,47.92,18.38,48.03z M9.98,39.65c0,0,1.4-2.6,5.19-5.27c2.15-1.51,4.69-2.88,7.45-3.52c1.75-0.41,3.72-0.62,5.86-0.62 c3.63,0,9.12,1.35,9.12,1.35l-10.85,4.24c-1.77,0.8-2.58,2.62-2.85,3.38l14.4,13.75c3.71-3.62,6.78-6.15,9.99-9.57 c-0.51-4.23,0.89-8.11,3.22-10.81c4.73-5.48,13.47-2.78,13.47-2.78l-3.55,3.05c0,0-4.13,3.16-3.01,6.79 c0.27,0.87,0.84,2.34,2.44,3.17c0.93,0.48,4.09,0.37,5.6-0.95C68.48,40.1,70.45,38,70.45,38s0.88-1.54,1.8-2.43 c1.11-1.08,3.56-2.91,3.56-2.91s-4.82-5.38-8.14-6.83c-2.91-1.27-6.15-1.89-9.71-1.91c-7.4-0.03-12.83,4.65-16.7,4.35 c-3.19-0.25-9.47-4.38-14.6-4.35c-7.22,0.05-13.04,2.44-17.47,7.33C5.44,35.37,4,45.11,4,45.11l1.89-1.93c0,0,2.98-0.11,3.34-0.41 c1.48-1.24,1.31-2.33,1.31-2.33L9.98,39.65z M18.15,46.11c1.68-0.19,4.88,2.09,4.88,2.09l9.22,10.03l4.11-3.86L21.75,39.42l0.13-0.52c0.03-0.14,0.88-3.49,3.9-4.84 l5.18-2.02c-1.95-0.07-5.6-0.11-7.97,0.42c-3.26,0.74-8.73,4.32-10.78,7.04c0.06,0.17,0.09,0.34,0.1,0.53 c0.08,1.49-1.41,3.45-2.02,3.98c-0.73,0.63-2.55,1.03-3.63,1.21l-3.94,3.94l6.59,6.6l3.85-3.86c-0.04-1.6,0.45-3.4,1.78-4.57 C15.67,46.71,16.48,46.3,18.15,46.11z M70.95,39.93c-0.62,0.44-4.18,6.07-9.58,4.98c-2.9-0.58-4.65-3.5-4.92-5.3c-0.6-4.07,1.8-6.16,3.56-7.69 c0.59-0.52,1.6-1.31,1.6-1.31s-6.16-0.73-9.16,3.5c-3.98,5.61-1.98,9.83-1.98,9.83S13.22,80.66,12.03,81.82 c-0.09,0.56-0.5,3.71,0.93,5.31c1.56,1.74,3.06,2.79,5.34,2.24c1.3-0.32,39.44-38.44,39.44-38.44s3.65,0.56,5.67,0.07 C68.3,49.8,70.71,46.32,70.95,39.93z M65.52,84.81c-0.14,0.85-0.52,1.48-1.2,1.99c-0.5,0.41-1.12,0.62-1.88,0.62c-2.8,0-6.23-3.51-6.24-3.52L41.82,70.25 l6.44-6.55c0,0,13.44,13.7,14.11,14.36C63.03,78.73,65.79,83.22,65.52,84.81z</metadata>
  <handler name="ObjC_NSArrayAlloc" parameters="" return="ObjcRetainedId"/>
  <handler name="ObjC_NSArrayComponentsJoinedByString" parameters="in ObjcId,in ObjcId" return="ObjcId"/>
  <handler name="NSArrayToString" parameters="in ObjcObject" return="string"/>
  <handler name="getIntegerFromFourCharCodeLittleEndian" parameters="in string" return="optional Uint32"/>
  <handler name="getIntegerFromFourCharCodeBigEndian" parameters="in string" return="optional Uint32"/>
  <handler name="getFourCharCodeFromUint32" parameters="in optional any" return="optional string"/>
  <handler name="getBitFeild" parameters="in optional any" return="optional string"/>
  <handler name="appleScriptObjTests" parameters="in string" return="any"/>
  <handler name="GetrCurrentUserHome" parameters="" return="any"/>
  <handler name="GetHFSCreatorTypeCodesOfFile" parameters="in string" return="any"/>
  <handler name="SetHFSCreatorCodeOfFile" parameters="in string,in string" return="any"/>
  <handler name="SetDockTileBadge" parameters="in string" return="nothing"/>
  <handler name="RequestUserAttention" parameters="in boolean" return="nothing"/>
  <handler name="DownloadFileFinished" parameters="in string" return="nothing"/>
  <handler name="FullScreenAllowed" parameters="in integer,in boolean" return="nothing"/>
  <handler name="IsFullScreenAllowed" parameters="in integer" return="boolean"/>
  <handler name="ToggleFullScreen" parameters="in integer" return="nothing"/>
  <handler name="setWindowToDarkMode" parameters="in integer" return="nothing"/>
  <handler name="getNSWindowFrameRect" parameters="in integer" return="string"/>
  <handler name="setWindowToLightMode" parameters="in integer" return="nothing"/>
  <handler name="setAppToDarkMode" parameters="" return="nothing"/>
  <handler name="setAppToLightMode" parameters="" return="nothing"/>
  <handler name="PostUserNotification" parameters="in string,in optional string,in optional string,in optional string,in optional string" return="nothing"/>
  <handler name="MiniaturizeAll" parameters="" return="nothing"/>
  <handler name="PerformMiniaturize" parameters="in integer" return="nothing"/>
  <handler name="Deminiaturize" parameters="in integer" return="nothing"/>
  <handler name="IsMiniaturized" parameters="in integer" return="boolean"/>
  <handler name="AppHide" parameters="" return="nothing"/>
  <handler name="AppUnhide" parameters="" return="nothing"/>
  <handler name="GetFrontmostApplication" parameters="in optional string" return="any"/>
  <handler name="GetRunningApplications" parameters="" return="string"/>
</package>